{
  "X_shape": [
    1229758,
    12,
    28
  ],
  "y_shape": [
    1229758,
    4
  ],
  "X_stats": {
    "min": -9215.0205078125,
    "max": 36828.0,
    "mean": 294.5044250488281,
    "std": 2108.70263671875
  },
  "y_stats": {
    "min": -167.10641479492188,
    "max": 360.0,
    "mean": 35.61368942260742,
    "std": 121.08220672607422
  },
  "cache_keys": [
    "X",
    "y",
    "features",
    "mmsi_list"
  ]
}